Hello World,0553805444,Fuck you
Hello World,0553805444,Fuck you
Hello World,0553805444,Fuck you
Hello World,0553805444,Fuck you
Hello World,0553805444,Fuck you
Hello World,0553805444,Fuck you
Hello World,0553805444,Fuck you
Hello World,0553805444,Fuck you
Hello World,0553805444,Fuck you
Hello World,0553805444,Fuck you
Hello World,0553805444,Fuck you
Hello World,0553805444,Fuck you
Hello World,0553805444,Fuck you
Hello World,0553805444,Fuck you
Hello World,0553805444,Fuck you
Hello World,0553805444,Fuck you
Hello World,0553805444,Fuck you
Hello World,0553805444,Fuck you
Hello World,0553805444,Fuck you
Hello World,0553805444,Fuck you
Hello World,0553805444,Fuck you
Hello World,0553805444,Fuck you
Hello World,0553805444,Fuck you
Hello World,0553805444,Fuck you
Hello World,0553805444,Fuck you
Hello World,0553805444,Fuck you
Hello World,0553805444,Fuck you
Hello World,0553805444,Fuck you
Hello World,0553805444,Fuck you
Hello World,0553805444,Fuck you
